"X..ve.word.count.","X..ve.word.count..1","X.overall.polarity.","X.times.change.in.pol.","X.largest...cont.","X.largest...cont..1","X.capital.letters.","X.punctuation.","emoji_count","laughter_exp_count"
0,0,0,0,0,0,1,0,9,0
0,0,0,0,0,0,3,0,8,0
0,0,0,0,0,0,21,1,27,0
0,0,0,0,0,0,4,0,18,0
0,0,0,0,0,0,10,0,18,0
0,0,0,0,0,0,2,0,18,0
1,0,2,0,1,0,1,1,9,0
0,0,0,0,0,0,0,0,9,0
0,0,0,0,0,0,1,2,16,0
0,0,0,0,0,0,1,0,17,0
1,0,2,0,1,0,17,0,25,0
1,0,1,0,1,0,10,0,34,0
0,0,0,0,0,0,16,0,25,0
0,0,0,0,0,0,10,0,23,0
1,0,1,0,1,0,3,0,7,0
0,0,0,0,0,0,15,0,24,0
0,0,0,0,0,0,6,0,31,0
0,1,-3,0,0,1,12,0,23,0
0,1,-3,0,0,1,11,0,26,0
0,0,0,0,0,0,11,0,36,0
0,0,0,0,0,0,15,0,23,0
0,2,-2,0,0,2,2,0,9,0
2,0,3,0,2,0,2,0,22,0
0,0,0,0,0,0,6,0,14,0
0,0,0,0,0,0,4,0,20,0
0,0,0,0,0,0,13,0,30,0
0,0,0,0,0,0,7,0,22,0
0,0,0,0,0,0,7,0,30,0
0,0,0,0,0,0,1,0,16,0
0,0,0,0,0,0,7,0,16,0
0,0,0,0,0,0,2,0,9,0
0,0,0,0,0,0,10,0,19,0
0,0,0,0,0,0,3,2,6,0
1,0,1,0,1,0,7,0,27,0
1,0,2,0,1,0,17,0,21,0
0,0,0,0,0,0,6,0,28,0
2,0,3,0,2,0,2,1,11,0
1,0,1,0,1,0,3,0,16,0
0,0,0,0,0,0,11,0,19,0
0,1,-1,0,0,1,5,0,13,0
4,0,7,0,4,0,6,0,13,0
0,0,0,0,0,0,7,0,26,0
0,0,0,0,0,0,3,0,13,0
0,0,0,0,0,0,6,0,14,0
1,0,1,0,1,0,2,2,10,0
0,0,0,0,0,0,4,0,20,0
0,0,0,0,0,0,2,1,11,0
0,0,0,0,0,0,8,0,15,0
0,1,-1,0,0,1,8,0,27,0
0,0,0,0,0,0,3,0,3,0
1,0,1,0,1,0,9,0,27,0
0,0,0,0,0,0,2,0,10,0
0,0,0,0,0,0,1,0,26,0
0,0,0,0,0,0,5,0,13,0
0,2,-2,0,0,2,14,0,13,0
0,0,0,0,0,0,3,0,21,0
0,0,0,0,0,0,3,0,22,0
0,0,0,0,0,0,6,0,22,0
2,0,2,0,2,0,12,0,23,0
1,1,0,1,1,1,10,0,18,0
0,0,0,0,0,0,8,1,21,0
0,0,0,0,0,0,4,0,13,0
2,0,4,0,2,0,4,1,14,0
3,0,5,0,3,0,3,0,15,0
1,0,1,0,1,0,2,1,19,0
0,0,0,0,0,0,2,0,26,0
0,0,0,0,0,0,1,0,24,0
1,0,1,0,1,0,9,0,28,0
0,0,0,0,0,0,1,0,24,0
0,0,0,0,0,0,13,0,30,0
3,0,3,0,3,0,6,0,15,0
0,0,0,0,0,0,12,0,19,0
0,0,0,0,0,0,1,1,21,0
1,0,2,0,1,0,3,0,11,0
0,0,0,0,0,0,7,0,17,0
0,0,0,0,0,0,6,0,16,0
0,0,0,0,0,0,7,2,21,0
0,0,0,0,0,0,3,0,15,0
1,0,1,0,1,0,3,0,13,0
0,0,0,0,0,0,11,0,26,0
1,1,-1,1,1,1,1,0,17,0
0,0,0,0,0,0,0,0,21,0
0,1,-2,0,0,1,7,0,18,0
0,0,0,0,0,0,0,0,9,0
0,0,0,0,0,0,4,0,28,0
0,0,0,0,0,0,7,0,23,0
1,2,-3,1,1,2,26,0,28,0
0,0,0,0,0,0,7,0,30,0
0,0,0,0,0,0,22,1,29,0
0,0,0,0,0,0,8,0,16,0
0,0,0,0,0,0,22,0,31,0
0,0,0,0,0,0,4,0,16,0
0,0,0,0,0,0,7,0,11,0
0,0,0,0,0,0,13,0,29,0
0,0,0,0,0,0,1,1,16,0
1,1,-1,1,1,1,1,0,13,0
0,0,0,0,0,0,3,0,11,0
0,1,-3,0,0,1,1,0,4,0
0,0,0,0,0,0,5,0,24,0
0,0,0,0,0,0,3,0,17,0
2,0,3,0,2,0,5,0,17,0
0,0,0,0,0,0,0,0,26,0
0,0,0,0,0,0,1,0,15,0
0,0,0,0,0,0,4,0,7,0
1,0,1,0,1,0,8,0,25,0
0,0,0,0,0,0,2,0,18,0
0,0,0,0,0,0,4,1,5,0
1,0,1,0,1,0,2,0,15,0
0,2,-2,0,0,2,12,0,7,0
0,2,-2,0,0,2,7,0,18,0
0,0,0,0,0,0,3,0,13,0
0,0,0,0,0,0,3,0,25,0
0,0,0,0,0,0,9,2,18,0
0,0,0,0,0,0,1,0,19,0
0,2,-2,0,0,2,6,0,22,0
2,0,2,0,2,0,2,0,16,0
1,0,2,0,1,0,4,0,12,0
1,0,1,0,1,0,7,0,19,0
1,1,0,1,1,1,1,0,10,0
0,0,0,0,0,0,1,0,10,0
2,0,4,0,2,0,9,0,18,0
1,0,2,0,1,0,3,0,8,0
0,2,-3,0,0,2,3,0,15,0
0,0,0,0,0,0,20,0,26,0
0,0,0,0,0,0,6,0,22,0
0,0,0,0,0,0,10,0,18,0
0,0,0,0,0,0,5,0,15,0
0,0,0,0,0,0,3,0,12,0
0,0,0,0,0,0,3,1,13,0
0,0,0,0,0,0,7,0,19,0
0,0,0,0,0,0,1,0,15,0
2,0,3,0,2,0,7,0,18,0
0,1,-1,0,0,1,2,1,11,0
0,0,0,0,0,0,3,0,8,0
1,0,1,0,1,0,5,0,14,0
0,0,0,0,0,0,7,0,25,0
0,1,-1,0,0,1,1,0,7,0
0,1,-1,0,0,1,0,0,8,0
0,1,-1,0,0,1,6,0,8,0
0,0,0,0,0,0,3,0,26,0
2,0,3,0,2,0,9,1,12,0
1,0,2,0,1,0,2,0,12,0
0,0,0,0,0,0,4,0,21,0
0,0,0,0,0,0,6,0,18,0
0,0,0,0,0,0,1,0,24,0
0,0,0,0,0,0,3,0,23,0
0,0,0,0,0,0,3,0,24,0
0,0,0,0,0,0,1,0,25,0
0,1,-1,0,0,1,10,1,22,0
0,0,0,0,0,0,12,0,27,0
1,0,2,0,1,0,6,0,24,0
0,0,0,0,0,0,6,0,26,0
0,0,0,0,0,0,6,0,19,0
0,0,0,0,0,0,2,0,12,0
0,2,-2,0,0,2,13,3,8,0
0,0,0,0,0,0,6,0,14,0
0,0,0,0,0,0,3,0,21,0
0,0,0,0,0,0,10,0,24,0
3,0,3,0,3,0,1,2,25,0
0,0,0,0,0,0,5,0,20,0
0,0,0,0,0,0,4,0,21,0
0,0,0,0,0,0,4,0,14,0
1,0,2,0,1,0,5,0,21,0
0,0,0,0,0,0,2,0,13,0
1,0,2,0,1,0,2,1,15,0
0,0,0,0,0,0,12,0,25,0
2,0,2,0,2,0,4,0,12,0
1,0,3,0,1,0,3,0,20,0
1,0,1,0,1,0,5,0,15,0
1,0,1,0,1,0,3,0,12,0
2,0,2,0,2,0,6,0,18,0
0,0,0,0,0,0,12,0,21,0
0,0,0,0,0,0,11,1,19,0
1,0,2,0,1,0,1,0,1,0
0,0,0,0,0,0,2,1,11,0
0,0,0,0,0,0,11,0,21,0
0,2,-2,0,0,2,4,0,22,0
0,0,0,0,0,0,3,0,29,0
0,0,0,0,0,0,10,1,24,0
0,1,-1,0,0,1,0,0,5,0
1,1,0,1,1,1,6,0,11,0
1,0,2,0,1,0,1,0,9,0
0,0,0,0,0,0,2,0,23,0
0,1,-1,0,0,1,7,0,23,0
1,4,-8,1,1,4,5,2,17,0
0,1,-1,0,0,1,2,0,11,0
1,0,1,0,1,0,13,0,21,0
1,0,2,0,1,0,6,0,14,0
1,0,1,0,1,0,3,0,20,0
0,0,0,0,0,0,5,0,20,0
0,0,0,0,0,0,1,0,22,0
0,0,0,0,0,0,10,0,21,0
0,0,0,0,0,0,4,0,14,0
2,0,3,0,2,0,2,0,7,0
0,0,0,0,0,0,0,0,21,0
1,0,1,0,1,0,3,0,12,0
0,0,0,0,0,0,1,0,23,0
0,0,0,0,0,0,1,0,19,0
0,0,0,0,0,0,2,2,14,0
0,0,0,0,0,0,15,0,25,0
0,0,0,0,0,0,7,1,32,0
1,0,2,0,1,0,3,0,10,0
0,0,0,0,0,0,1,0,19,0
0,1,-1,0,0,1,10,0,16,0
0,0,0,0,0,0,6,0,24,0
0,0,0,0,0,0,10,0,19,0
0,0,0,0,0,0,4,0,12,0
0,0,0,0,0,0,3,0,16,0
0,2,-2,0,0,2,6,0,20,0
1,0,2,0,1,0,4,0,8,0
0,1,-1,0,0,1,1,1,20,0
1,0,3,0,1,0,0,0,24,0
0,0,0,0,0,0,7,0,15,0
0,0,0,0,0,0,3,0,18,0
0,0,0,0,0,0,1,0,19,0
0,1,-1,0,0,1,3,0,11,0
0,0,0,0,0,0,1,0,21,0
0,0,0,0,0,0,9,0,20,0
0,0,0,0,0,0,2,0,31,0
0,0,0,0,0,0,5,0,24,0
0,0,0,0,0,0,7,1,17,0
0,0,0,0,0,0,1,0,8,0
0,0,0,0,0,0,4,0,25,0
1,1,0,1,1,1,6,0,22,0
0,0,0,0,0,0,13,0,23,0
0,0,0,0,0,0,8,0,27,0
0,4,-5,0,0,4,1,0,16,0
0,1,-1,0,0,1,10,0,20,0
1,0,1,0,1,0,2,0,11,0
0,2,-4,0,0,2,7,0,16,0
1,1,1,1,1,1,11,0,15,0
1,0,2,0,1,0,4,0,14,0
0,1,-3,0,0,1,1,1,9,0
0,0,0,0,0,0,3,0,16,0
1,0,2,0,1,0,5,3,14,0
0,1,-1,0,0,1,2,0,11,0
0,0,0,0,0,0,8,0,21,0
0,0,0,0,0,0,2,0,8,0
0,0,0,0,0,0,24,0,53,0
1,0,1,0,1,0,6,0,15,0
0,0,0,0,0,0,6,2,22,0
0,0,0,0,0,0,4,0,20,0
0,1,-1,0,0,1,7,1,17,0
1,0,2,0,1,0,10,0,18,0
0,0,0,0,0,0,14,2,22,0
0,3,-4,0,0,3,16,0,23,0
0,0,0,0,0,0,19,1,29,0
1,0,2,0,1,0,1,0,16,0
0,0,0,0,0,0,26,2,38,0
0,0,0,0,0,0,3,0,11,0
0,0,0,0,0,0,14,0,23,0
0,0,0,0,0,0,3,0,10,0
1,0,1,0,1,0,7,0,15,0
0,0,0,0,0,0,15,0,27,0
1,0,1,0,1,0,6,0,19,0
0,0,0,0,0,0,1,0,9,0
0,1,-1,0,0,1,12,0,20,0
1,0,1,0,1,0,12,0,24,0
0,0,0,0,0,0,7,0,17,0
0,0,0,0,0,0,5,0,16,0
0,2,-2,0,0,2,9,0,4,0
0,0,0,0,0,0,9,0,17,0
1,0,2,0,1,0,10,1,18,0
0,0,0,0,0,0,0,0,8,0
0,0,0,0,0,0,7,6,19,0
0,0,0,0,0,0,16,0,24,0
0,0,0,0,0,0,13,2,24,0
0,0,0,0,0,0,5,0,32,0
0,0,0,0,0,0,1,0,11,0
0,0,0,0,0,0,8,0,16,0
0,0,0,0,0,0,10,0,19,0
0,0,0,0,0,0,8,0,15,0
0,0,0,0,0,0,12,2,25,0
1,1,0,1,1,1,10,0,22,0
1,0,1,0,1,0,4,0,26,0
0,0,0,0,0,0,5,0,23,0
1,0,1,0,1,0,5,0,17,0
0,0,0,0,0,0,8,0,16,0
1,0,1,0,1,0,6,1,22,0
0,0,0,0,0,0,18,0,36,0
0,0,0,0,0,0,2,0,22,0
0,0,0,0,0,0,5,0,14,0
2,0,4,0,2,0,4,3,18,0
0,0,0,0,0,0,1,0,10,0
0,0,0,0,0,0,10,0,22,0
0,0,0,0,0,0,3,0,15,0
0,1,-1,0,0,1,1,0,3,0
1,0,1,0,1,0,6,0,15,0
3,1,3,1,3,1,4,1,11,0
0,0,0,0,0,0,7,0,18,0
0,0,0,0,0,0,4,0,18,0
2,0,3,0,2,0,9,0,20,0
1,0,1,0,1,0,9,0,18,0
0,0,0,0,0,0,12,0,19,0
0,0,0,0,0,0,13,1,22,0
0,0,0,0,0,0,2,0,22,0
0,0,0,0,0,0,2,1,10,0
0,0,0,0,0,0,3,0,19,0
0,0,0,0,0,0,3,0,23,0
0,0,0,0,0,0,1,0,13,0
0,0,0,0,0,0,6,0,22,0
0,0,0,0,0,0,5,0,22,0
0,1,-1,0,0,1,16,1,32,0
0,0,0,0,0,0,5,0,11,0
0,0,0,0,0,0,6,0,23,0
0,0,0,0,0,0,13,0,21,0
1,0,2,0,1,0,6,0,24,0
0,0,0,0,0,0,19,0,48,0
0,0,0,0,0,0,3,0,12,0
0,0,0,0,0,0,4,0,16,0
0,3,-3,0,0,3,12,1,14,0
0,0,0,0,0,0,15,0,23,0
1,0,2,0,1,0,1,0,14,0
0,0,0,0,0,0,4,0,17,0
0,0,0,0,0,0,10,0,18,0
3,0,3,0,3,0,7,0,15,0
0,0,0,0,0,0,9,1,25,0
0,1,-1,0,0,1,13,0,26,0
0,0,0,0,0,0,14,2,23,0
0,0,0,0,0,0,5,0,15,0
1,0,2,0,1,0,2,0,16,0
0,0,0,0,0,0,6,0,24,0
1,0,2,0,1,0,20,1,33,0
0,0,0,0,0,0,11,0,17,0
1,0,1,0,1,0,5,1,25,0
0,0,0,0,0,0,6,0,18,0
0,2,-2,0,0,2,13,1,8,0
0,0,0,0,0,0,9,0,17,0
0,0,0,0,0,0,19,0,30,0
0,0,0,0,0,0,9,0,26,0
0,1,-3,0,0,1,7,1,10,0
0,2,-2,0,0,2,2,0,16,0
2,0,3,0,2,0,8,2,18,0
2,0,2,0,2,0,13,0,21,0
1,1,0,1,1,1,2,0,19,0
1,1,-1,1,1,1,3,0,14,0
0,0,0,0,0,0,7,0,18,0
2,0,3,0,2,0,8,0,18,0
3,0,3,0,3,0,9,0,13,0
1,0,1,0,1,0,1,0,14,0
0,0,0,0,0,0,2,0,4,0
1,0,2,0,1,0,5,0,16,0
0,0,0,0,0,0,8,0,19,0
0,0,0,0,0,0,9,0,24,0
0,1,-1,0,0,1,3,1,13,0
0,1,-1,0,0,1,3,0,21,0
1,1,0,1,1,1,8,0,26,0
0,2,-2,0,0,2,14,0,8,0
0,0,0,0,0,0,26,0,35,0
1,0,1,0,1,0,3,0,29,0
0,0,0,0,0,0,22,1,31,0
0,0,0,0,0,0,2,0,27,0
0,0,0,0,0,0,10,0,22,0
0,4,-4,0,0,4,5,0,10,0
0,0,0,0,0,0,4,0,21,0
0,0,0,0,0,0,3,0,30,0
1,0,1,0,1,0,11,0,13,0
1,0,1,0,1,0,2,0,5,0
0,0,0,0,0,0,3,1,18,0
0,0,0,0,0,0,7,0,17,0
0,1,-1,0,0,1,2,0,11,0
0,1,-2,0,0,1,8,0,21,0
1,0,1,0,1,0,1,0,11,0
2,0,4,0,2,0,4,0,14,0
1,0,1,0,1,0,2,0,27,0
0,1,-2,0,0,1,2,0,24,0
0,1,-2,0,0,1,16,2,29,0
1,0,1,0,1,0,15,0,39,0
0,0,0,0,0,0,26,0,34,0
0,1,-1,0,0,1,3,0,12,0
0,0,0,0,0,0,7,0,15,0
0,0,0,0,0,0,9,0,15,0
0,0,0,0,0,0,12,0,21,0
0,0,0,0,0,0,10,0,27,0
0,0,0,0,0,0,11,0,17,0
0,0,0,0,0,0,19,0,36,0
0,0,0,0,0,0,12,0,25,0
1,1,1,1,1,1,6,0,22,0
0,0,0,0,0,0,14,0,24,0
1,0,1,0,1,0,2,0,10,0
0,0,0,0,0,0,4,0,5,0
0,0,0,0,0,0,10,0,29,0
1,0,2,0,1,0,8,2,19,0
1,0,2,0,1,0,4,0,14,0
0,0,0,0,0,0,4,0,17,0
0,0,0,0,0,0,11,0,20,0
0,0,0,0,0,0,11,0,21,0
0,0,0,0,0,0,7,0,24,0
1,0,1,0,1,0,5,0,20,0
0,0,0,0,0,0,6,0,25,0
0,1,-1,0,0,1,2,0,22,0
1,0,1,0,1,0,1,0,7,0
0,0,0,0,0,0,11,1,20,0
3,0,4,0,3,0,9,0,17,0
0,0,0,0,0,0,5,0,18,0
0,0,0,0,0,0,8,0,24,0
0,0,0,0,0,0,7,0,18,0
0,0,0,0,0,0,1,0,12,0
0,0,0,0,0,0,1,0,16,0
0,0,0,0,0,0,17,0,28,0
2,0,3,0,2,0,3,0,10,0
1,1,0,1,1,1,6,0,26,0
0,0,0,0,0,0,7,1,20,0
0,0,0,0,0,0,3,0,20,0
0,0,0,0,0,0,10,2,19,0
0,0,0,0,0,0,2,0,12,0
1,0,1,0,1,0,4,4,26,0
0,0,0,0,0,0,8,0,23,0
0,0,0,0,0,0,6,0,14,0
0,0,0,0,0,0,10,0,31,0
0,0,0,0,0,0,3,2,19,0
0,0,0,0,0,0,1,0,12,0
0,0,0,0,0,0,3,0,25,0
0,0,0,0,0,0,9,0,30,0
1,0,1,0,1,0,3,2,24,0
0,0,0,0,0,0,11,0,21,0
0,0,0,0,0,0,6,0,28,0
0,1,-1,0,0,1,7,0,11,0
1,0,1,0,1,0,13,0,23,0
4,0,6,0,4,0,6,0,13,0
1,0,1,0,1,0,5,0,17,0
0,1,-1,0,0,1,6,0,18,0
1,0,1,0,1,0,5,0,16,0
1,0,1,0,1,0,5,0,23,0
0,0,0,0,0,0,11,0,28,0
0,0,0,0,0,0,5,0,26,0
1,0,1,0,1,0,2,1,11,0
1,0,2,0,1,0,5,0,23,0
1,0,1,0,1,0,2,0,14,0
0,0,0,0,0,0,4,0,24,0
0,0,0,0,0,0,4,1,14,0
0,0,0,0,0,0,11,0,17,0
0,0,0,0,0,0,11,0,20,0
0,2,-2,0,0,2,14,0,33,0
1,0,1,0,1,0,4,2,15,0
0,0,0,0,0,0,11,0,20,0
0,0,0,0,0,0,1,0,11,0
0,0,0,0,0,0,8,0,24,0
1,0,2,0,1,0,11,0,28,0
0,0,0,0,0,0,18,0,30,0
0,0,0,0,0,0,3,3,15,0
0,0,0,0,0,0,2,0,11,0
0,0,0,0,0,0,12,1,21,0
0,0,0,0,0,0,7,0,19,0
0,1,-1,0,0,1,7,0,32,0
1,0,1,0,1,0,4,0,24,0
0,0,0,0,0,0,7,0,17,0
0,0,0,0,0,0,7,0,18,0
0,0,0,0,0,0,12,0,17,0
0,0,0,0,0,0,7,0,16,0
0,0,0,0,0,0,9,1,21,0
0,0,0,0,0,0,4,0,12,0
1,0,2,0,1,0,2,0,16,0
0,0,0,0,0,0,7,0,22,0
2,0,3,0,2,0,1,4,1,0
1,0,2,0,1,0,5,0,21,0
0,0,0,0,0,0,17,2,25,0
1,0,2,0,1,0,5,0,14,0
0,2,-2,0,0,2,2,4,6,0
0,0,0,0,0,0,2,0,7,0
2,0,3,0,2,0,1,2,11,0
0,1,-2,0,0,1,6,0,19,0
0,0,0,0,0,0,2,0,10,0
0,0,0,0,0,0,12,0,26,0
0,0,0,0,0,0,3,0,25,0
0,0,0,0,0,0,11,0,21,0
0,0,0,0,0,0,10,0,24,0
0,0,0,0,0,0,8,0,27,0
0,2,-5,0,0,2,16,0,25,0
0,1,-2,0,0,1,3,0,17,0
0,0,0,0,0,0,12,2,36,0
0,0,0,0,0,0,1,0,11,0
0,0,0,0,0,0,7,0,18,0
0,0,0,0,0,0,7,0,15,0
1,0,1,0,1,0,1,0,3,0
0,2,-2,0,0,2,14,0,15,0
0,0,0,0,0,0,14,0,23,0
2,2,0,1,2,2,4,0,15,0
1,0,1,0,1,0,11,0,18,0
0,0,0,0,0,0,12,0,27,0
0,0,0,0,0,0,3,0,15,0
0,0,0,0,0,0,8,0,27,0
0,0,0,0,0,0,7,0,21,0
0,0,0,0,0,0,7,0,18,0
0,0,0,0,0,0,6,0,25,0
0,0,0,0,0,0,14,0,20,0
1,1,0,1,1,1,7,1,15,0
0,2,-2,0,0,2,14,0,9,0
1,0,1,0,1,0,6,2,23,0
1,0,1,0,1,0,11,0,23,0
0,0,0,0,0,0,1,0,23,0
0,0,0,0,0,0,12,0,31,0
3,0,3,0,3,0,3,0,16,0
0,0,0,0,0,0,2,0,12,0
0,0,0,0,0,0,7,0,22,0
0,1,-1,0,0,1,18,0,31,0
1,0,2,0,1,0,4,0,13,0
0,0,0,0,0,0,2,0,14,0
0,0,0,0,0,0,13,0,34,0
2,0,2,0,2,0,6,0,29,0
0,0,0,0,0,0,7,0,14,0
0,0,0,0,0,0,8,0,13,0
0,0,0,0,0,0,5,0,17,0
0,1,-2,0,0,1,12,0,23,0
1,0,1,0,1,0,7,0,23,0
0,2,-2,0,0,2,2,0,15,0
1,0,1,0,1,0,2,0,14,0
1,0,1,0,1,0,1,0,18,0
0,0,0,0,0,0,4,0,22,0
1,0,1,0,1,0,8,0,25,0
0,0,0,0,0,0,2,1,13,0
0,0,0,0,0,0,3,0,21,0
1,0,1,0,1,0,3,0,26,0
0,1,-1,0,0,1,5,0,15,0
0,0,0,0,0,0,10,0,22,0
0,0,0,0,0,0,1,0,12,0
1,0,2,0,1,0,7,0,19,0
0,0,0,0,0,0,7,0,24,0
0,0,0,0,0,0,12,1,22,0
1,1,-1,1,1,1,6,0,11,0
0,0,0,0,0,0,7,0,19,0
0,0,0,0,0,0,1,0,18,0
0,0,0,0,0,0,10,1,21,0
1,0,1,0,1,0,7,0,24,0
0,0,0,0,0,0,12,2,21,0
2,0,4,0,2,0,11,0,17,0
0,1,-1,0,0,1,3,0,21,0
0,0,0,0,0,0,7,0,17,0
0,0,0,0,0,0,12,0,20,0
0,0,0,0,0,0,16,0,31,0
1,0,1,0,1,0,8,0,12,0
0,0,0,0,0,0,12,0,25,0
1,0,1,0,1,0,0,0,8,0
0,0,0,0,0,0,5,0,6,0
1,0,2,0,1,0,11,1,28,0
0,0,0,0,0,0,0,0,10,0
0,0,0,0,0,0,9,0,19,0
0,0,0,0,0,0,9,0,17,0
0,1,-1,0,0,1,9,0,31,0
0,0,0,0,0,0,1,0,15,0
0,0,0,0,0,0,12,0,24,0
1,0,1,0,1,0,3,0,12,0
0,0,0,0,0,0,1,2,28,0
0,0,0,0,0,0,9,0,24,0
0,0,0,0,0,0,5,0,14,0
0,0,0,0,0,0,12,0,21,0
0,2,-2,0,0,2,3,0,11,0
0,0,0,0,0,0,20,0,11,0
0,0,0,0,0,0,5,0,13,0
1,0,2,0,1,0,6,0,14,0
0,0,0,0,0,0,2,0,10,0
1,0,1,0,1,0,1,0,13,0
0,0,0,0,0,0,0,0,25,0
0,0,0,0,0,0,2,0,7,0
0,0,0,0,0,0,3,0,16,0
0,1,-1,0,0,1,9,0,14,0
0,0,0,0,0,0,1,0,10,0
0,0,0,0,0,0,17,0,22,0
0,0,0,0,0,0,10,0,20,0
0,0,0,0,0,0,8,0,23,0
0,0,0,0,0,0,4,1,5,0
0,0,0,0,0,0,16,0,25,0
0,0,0,0,0,0,1,1,21,0
0,0,0,0,0,0,6,0,27,0
0,0,0,0,0,0,7,1,25,0
2,0,4,0,2,0,1,0,9,0
0,0,0,0,0,0,5,0,22,0
0,0,0,0,0,0,8,0,14,0
0,0,0,0,0,0,7,2,37,0
0,1,-1,0,0,1,10,0,18,0
0,1,-1,0,0,1,5,0,19,0
0,1,-1,0,0,1,2,0,13,0
0,0,0,0,0,0,28,0,36,0
0,1,-2,0,0,1,2,0,29,0
2,0,3,0,2,0,8,0,18,0
0,1,-1,0,0,1,6,0,18,0
0,1,-1,0,0,1,4,0,14,0
0,2,-2,0,0,2,0,0,9,0
0,0,0,0,0,0,16,0,29,0
0,0,0,0,0,0,12,0,31,0
0,2,-2,0,0,2,9,0,23,0
0,0,0,0,0,0,1,0,17,0
0,0,0,0,0,0,1,0,10,0
1,0,3,0,1,0,1,0,19,0
1,0,2,0,1,0,7,1,17,0
0,0,0,0,0,0,5,0,12,0
0,0,0,0,0,0,3,1,23,0
0,0,0,0,0,0,2,0,13,0
0,0,0,0,0,0,10,0,26,0
1,0,1,0,1,0,1,0,13,0
2,0,4,0,2,0,17,0,39,0
0,0,0,0,0,0,11,0,23,0
1,0,2,0,1,0,1,1,25,0
0,1,-1,0,0,1,15,0,22,0
0,0,0,0,0,0,5,1,13,0
0,0,0,0,0,0,12,0,22,0
1,0,2,0,1,0,6,0,14,0
0,0,0,0,0,0,9,0,17,0
1,0,1,0,1,0,4,0,22,0
1,0,1,0,1,0,15,0,28,0
0,2,-2,0,0,2,1,0,19,0
1,0,1,0,1,0,13,0,19,0
1,0,1,0,1,0,1,1,21,0
0,1,-1,0,0,1,0,0,12,0
0,0,0,0,0,0,1,0,13,0
2,1,2,2,1,1,16,0,23,0
1,0,1,0,1,0,8,0,20,0
1,0,1,0,1,0,4,0,15,0
1,0,2,0,1,0,7,0,16,0
1,0,1,0,1,0,9,0,21,0
0,0,0,0,0,0,4,0,12,0
0,0,0,0,0,0,4,0,8,0
0,0,0,0,0,0,15,0,21,0
1,0,1,0,1,0,4,0,24,0
1,0,2,0,1,0,1,0,12,0
0,0,0,0,0,0,1,0,14,0
0,0,0,0,0,0,10,0,20,0
0,1,-1,0,0,1,14,0,26,0
1,0,2,0,1,0,1,1,17,0
0,0,0,0,0,0,8,0,22,0
4,0,6,0,4,0,6,0,13,0
0,0,0,0,0,0,10,0,17,0
0,0,0,0,0,0,4,2,21,0
0,0,0,0,0,0,4,0,27,0
0,0,0,0,0,0,4,0,12,0
1,1,0,1,1,1,12,0,23,0
0,0,0,0,0,0,12,0,20,0
0,0,0,0,0,0,17,0,33,0
0,2,-2,0,0,2,14,0,33,0
0,0,0,0,0,0,10,0,23,0
1,0,1,0,1,0,7,1,13,0
1,1,0,1,1,1,3,0,16,0
0,0,0,0,0,0,7,1,22,0
1,0,2,0,1,0,2,0,16,0
0,0,0,0,0,0,9,0,20,0
0,0,0,0,0,0,17,0,42,0
0,0,0,0,0,0,5,0,14,0
0,2,-2,0,0,2,4,0,17,0
3,0,4,0,3,0,9,0,21,0
0,0,0,0,0,0,15,0,32,0
2,0,2,0,2,0,1,0,13,0
0,0,0,0,0,0,3,0,19,0
0,1,-1,0,0,1,8,0,18,0
0,0,0,0,0,0,5,0,15,0
0,0,0,0,0,0,12,0,24,0
0,0,0,0,0,0,2,0,18,0
0,0,0,0,0,0,5,2,18,0
1,0,1,0,1,0,9,0,28,0
0,0,0,0,0,0,14,1,24,0
0,0,0,0,0,0,8,0,16,0
0,1,-1,0,0,1,1,0,5,0
0,0,0,0,0,0,8,0,13,0
0,0,0,0,0,0,12,0,23,0
0,0,0,0,0,0,10,0,21,0
0,0,0,0,0,0,1,0,19,0
2,0,3,0,2,0,8,0,24,0
0,0,0,0,0,0,1,2,9,0
0,0,0,0,0,0,5,0,27,0
4,0,6,0,4,0,6,0,13,0
0,0,0,0,0,0,1,0,9,0
0,0,0,0,0,0,5,0,25,0
0,0,0,0,0,0,6,0,12,0
0,0,0,0,0,0,3,0,19,0
0,0,0,0,0,0,3,0,16,0
0,0,0,0,0,0,12,1,23,0
0,1,-1,0,0,1,4,0,16,0
0,0,0,0,0,0,19,0,29,0
0,0,0,0,0,0,3,0,25,0
0,0,0,0,0,0,3,0,19,0
0,0,0,0,0,0,8,0,21,0
0,0,0,0,0,0,17,0,32,0
0,1,-1,0,0,1,13,0,21,0
0,0,0,0,0,0,14,0,23,0
0,2,-4,0,0,2,6,0,15,0
2,0,3,0,2,0,5,1,24,0
1,0,2,0,1,0,11,0,25,0
0,0,0,0,0,0,1,1,17,0
0,0,0,0,0,0,13,0,25,0
0,0,0,0,0,0,16,1,27,0
0,1,-3,0,0,1,7,0,15,0
0,0,0,0,0,0,0,0,12,0
0,0,0,0,0,0,6,0,20,0
0,0,0,0,0,0,11,5,26,0
0,0,0,0,0,0,5,0,13,0
0,1,-1,0,0,1,6,1,19,0
2,0,3,0,2,0,6,0,17,0
0,0,0,0,0,0,29,0,38,0
0,0,0,0,0,0,4,0,21,0
0,0,0,0,0,0,0,0,19,0
1,0,1,0,1,0,10,0,19,0
0,0,0,0,0,0,9,0,22,0
1,0,1,0,1,0,1,0,13,0
0,0,0,0,0,0,13,1,23,0
0,0,0,0,0,0,4,0,21,0
0,0,0,0,0,0,4,0,17,0
0,0,0,0,0,0,8,0,23,0
0,1,-1,0,0,1,7,1,22,0
0,0,0,0,0,0,8,0,17,0
0,0,0,0,0,0,4,1,13,0
1,1,0,1,1,1,3,0,36,0
0,0,0,0,0,0,6,0,14,0
0,1,-2,0,0,1,1,0,16,0
0,0,0,0,0,0,1,0,14,0
0,0,0,0,0,0,1,0,11,0
1,0,1,0,1,0,8,3,18,0
0,0,0,0,0,0,7,0,18,0
0,0,0,0,0,0,5,0,15,0
0,0,0,0,0,0,15,0,26,0
0,1,-1,0,0,1,2,0,15,0
0,0,0,0,0,0,3,0,19,0
0,1,-1,0,0,1,7,1,19,0
0,0,0,0,0,0,5,0,13,0
1,0,2,0,1,0,7,0,24,0
1,1,0,1,1,1,1,0,11,0
0,0,0,0,0,0,10,0,18,0
0,0,0,0,0,0,7,0,27,0
0,0,0,0,0,0,1,0,17,0
0,0,0,0,0,0,18,0,27,0
0,1,-2,0,0,1,2,0,11,0
0,0,0,0,0,0,1,0,14,0
0,0,0,0,0,0,18,0,33,0
0,0,0,0,0,0,1,0,5,0
0,1,-1,0,0,1,0,0,9,0
0,0,0,0,0,0,9,0,30,0
0,0,0,0,0,0,0,0,18,0
0,1,-1,0,0,1,3,0,23,0
0,0,0,0,0,0,22,1,35,0
0,0,0,0,0,0,5,0,6,0
0,0,0,0,0,0,6,0,14,0
0,0,0,0,0,0,11,0,33,0
0,0,0,0,0,0,4,1,12,0
1,0,1,0,1,0,1,0,10,0
1,0,1,0,1,0,8,0,14,0
1,0,1,0,1,0,0,0,11,0
0,0,0,0,0,0,6,1,13,0
0,0,0,0,0,0,11,0,31,0
0,0,0,0,0,0,15,1,22,0
1,0,1,0,1,0,4,0,9,0
0,0,0,0,0,0,4,0,18,0
0,0,0,0,0,0,6,0,14,0
0,2,-3,0,0,2,2,0,12,0
0,0,0,0,0,0,11,0,22,0
0,0,0,0,0,0,5,0,22,0
0,0,0,0,0,0,4,0,19,0
2,0,2,0,2,0,1,2,9,0
0,1,-1,0,0,1,2,0,11,0
0,0,0,0,0,0,7,0,16,0
0,0,0,0,0,0,5,0,14,0
0,0,0,0,0,0,6,1,18,0
1,0,1,0,1,0,9,0,18,0
1,0,1,0,1,0,3,0,15,0
0,0,0,0,0,0,14,0,24,0
0,1,-1,0,0,1,7,2,17,0
0,0,0,0,0,0,18,0,28,0
0,0,0,0,0,0,20,0,32,0
1,0,1,0,1,0,5,0,20,0
0,0,0,0,0,0,6,0,17,0
2,0,4,0,2,0,3,0,10,0
0,0,0,0,0,0,1,2,22,0
0,1,-3,0,0,1,7,0,19,0
0,0,0,0,0,0,7,0,15,0
0,0,0,0,0,0,5,0,21,0
0,0,0,0,0,0,4,0,8,0
0,0,0,0,0,0,2,0,14,0
0,0,0,0,0,0,3,0,22,0
0,0,0,0,0,0,1,0,14,0
0,0,0,0,0,0,8,0,21,0
0,0,0,0,0,0,7,0,24,0
0,0,0,0,0,0,4,0,7,0
1,2,-1,1,1,2,1,0,14,0
0,0,0,0,0,0,12,0,20,0
1,0,2,0,1,0,3,0,27,0
0,1,-1,0,0,1,9,0,22,0
1,0,1,0,1,0,4,0,14,0
0,0,0,0,0,0,13,2,21,0
1,2,-1,1,1,2,2,0,12,0
1,0,2,0,1,0,9,1,14,0
0,0,0,0,0,0,7,0,8,0
0,0,0,0,0,0,12,2,20,0
0,1,-1,0,0,1,6,0,16,0
1,0,1,0,1,0,3,0,5,0
0,0,0,0,0,0,29,0,38,0
1,0,1,0,1,0,6,0,38,0
0,0,0,0,0,0,3,0,23,0
1,0,2,0,1,0,1,0,30,0
0,0,0,0,0,0,2,0,19,0
0,0,0,0,0,0,3,0,19,0
0,0,0,0,0,0,7,0,16,0
1,0,1,0,1,0,7,0,24,0
0,0,0,0,0,0,2,0,14,0
0,0,0,0,0,0,7,1,27,0
0,0,0,0,0,0,17,0,35,0
0,0,0,0,0,0,13,0,33,0
0,2,-3,0,0,2,11,0,24,0
0,0,0,0,0,0,5,1,16,0
1,0,1,0,1,0,12,0,33,0
0,1,-3,0,0,1,2,0,12,0
0,0,0,0,0,0,8,0,23,0
0,1,-1,0,0,1,3,2,17,0
0,2,-2,0,0,2,14,0,9,0
0,1,-2,0,0,1,5,1,26,0
0,0,0,0,0,0,13,0,20,0
1,0,1,0,1,0,6,0,16,0
0,0,0,0,0,0,7,0,17,0
1,1,0,1,1,1,3,0,12,0
0,1,-1,0,0,1,8,0,25,0
1,0,2,0,1,0,2,0,24,0
1,1,-2,1,1,1,3,0,16,0
1,0,2,0,1,0,3,2,15,0
0,0,0,0,0,0,5,0,24,0
0,0,0,0,0,0,13,0,27,0
0,0,0,0,0,0,12,0,27,0
1,0,1,0,1,0,10,0,18,0
1,0,2,0,1,0,1,0,15,0
0,0,0,0,0,0,5,0,18,0
0,0,0,0,0,0,6,0,20,0
0,0,0,0,0,0,9,1,17,0
0,0,0,0,0,0,1,0,13,0
0,0,0,0,0,0,4,0,15,0
1,0,3,0,1,0,3,0,8,0
2,0,2,0,2,0,7,1,31,0
0,0,0,0,0,0,5,0,16,0
0,0,0,0,0,0,9,0,18,0
1,0,2,0,1,0,8,0,16,0
0,1,-1,0,0,1,6,0,16,0
0,0,0,0,0,0,0,0,21,0
0,0,0,0,0,0,11,0,33,0
0,2,-2,0,0,2,0,0,18,0
0,0,0,0,0,0,18,0,35,0
0,1,-1,0,0,1,1,0,17,0
0,0,0,0,0,0,8,0,16,0
2,0,4,0,2,0,10,0,19,0
0,0,0,0,0,0,6,0,24,0
1,0,1,0,1,0,0,0,12,0
0,1,-1,0,0,1,5,0,23,0
0,0,0,0,0,0,5,0,23,0
0,0,0,0,0,0,2,2,11,0
1,1,0,1,1,1,2,0,10,0
0,0,0,0,0,0,7,0,23,0
1,0,1,0,1,0,7,0,14,0
0,0,0,0,0,0,6,0,9,0
0,0,0,0,0,0,7,0,34,0
0,0,0,0,0,0,3,0,16,0
0,0,0,0,0,0,5,0,26,0
0,0,0,0,0,0,4,0,25,0
1,0,1,0,1,0,8,0,15,0
0,0,0,0,0,0,12,0,20,0
1,0,1,0,1,0,5,0,16,0
0,0,0,0,0,0,6,0,14,0
0,0,0,0,0,0,6,0,13,0
0,0,0,0,0,0,19,0,30,0
0,0,0,0,0,0,2,0,23,0
0,0,0,0,0,0,7,0,25,0
1,0,2,0,1,0,6,0,18,0
3,0,5,0,3,0,0,0,10,0
0,0,0,0,0,0,11,0,17,0
0,0,0,0,0,0,5,1,10,0
1,0,1,0,1,0,8,0,16,0
0,0,0,0,0,0,7,0,15,0
0,0,0,0,0,0,6,0,13,0
1,0,1,0,1,0,3,2,12,0
1,0,1,0,1,0,2,0,25,0
0,2,-2,0,0,2,4,0,12,0
0,0,0,0,0,0,6,0,14,0
1,0,3,0,1,0,0,0,20,0
1,0,1,0,1,0,6,0,13,0
0,0,0,0,0,0,13,0,25,0
0,0,0,0,0,0,5,0,13,0
0,0,0,0,0,0,8,2,14,0
0,1,-1,0,0,1,8,0,22,0
2,0,4,0,2,0,0,0,12,0
0,0,0,0,0,0,1,0,15,0
1,0,1,0,1,0,0,0,13,0
1,0,1,0,1,0,7,0,15,0
1,0,2,0,1,0,1,0,21,0
0,0,0,0,0,0,8,0,16,0
2,0,2,0,2,0,2,0,11,0
0,0,0,0,0,0,9,0,19,0
0,0,0,0,0,0,2,0,11,0
0,0,0,0,0,0,4,0,21,0
0,0,0,0,0,0,5,0,15,0
0,1,-1,0,0,1,8,0,18,0
0,0,0,0,0,0,10,2,14,0
0,0,0,0,0,0,11,0,26,0
0,1,-1,0,0,1,1,0,17,0
0,0,0,0,0,0,9,0,20,0
0,0,0,0,0,0,12,0,23,0
0,0,0,0,0,0,7,0,17,0
1,1,-1,1,1,1,25,0,31,0
0,0,0,0,0,0,13,0,21,0
2,0,4,0,2,0,2,0,15,0
0,2,-2,0,0,2,3,0,10,0
2,0,3,0,2,0,8,0,22,0
0,1,-1,0,0,1,5,0,23,0
0,1,-1,0,0,1,3,0,13,0
2,0,4,0,2,0,12,0,19,0
0,0,0,0,0,0,3,2,15,0
2,0,3,0,2,0,14,0,22,0
1,0,2,0,1,0,5,0,9,0
0,0,0,0,0,0,5,0,14,0
0,1,-2,0,0,1,5,0,30,0
0,0,0,0,0,0,2,0,18,0
0,0,0,0,0,0,9,0,26,0
0,0,0,0,0,0,8,0,18,0
0,1,-1,0,0,1,6,3,14,0
0,0,0,0,0,0,1,0,11,0
2,0,3,0,2,0,3,2,14,0
0,0,0,0,0,0,10,0,19,0
0,0,0,0,0,0,1,0,28,0
0,0,0,0,0,0,5,0,28,0
0,0,0,0,0,0,21,1,29,0
0,0,0,0,0,0,6,0,20,0
0,0,0,0,0,0,1,1,15,0
1,0,2,0,1,0,9,0,24,0
0,0,0,0,0,0,1,1,18,0
1,0,1,0,1,0,1,0,15,0
0,0,0,0,0,0,8,0,18,0
1,0,1,0,1,0,7,0,25,0
0,0,0,0,0,0,18,3,32,0
0,0,0,0,0,0,10,0,23,0
0,0,0,0,0,0,5,0,15,0
0,0,0,0,0,0,3,0,11,0
0,0,0,0,0,0,2,0,18,0
0,0,0,0,0,0,10,0,23,0
0,1,-2,0,0,1,9,0,18,0
0,0,0,0,0,0,6,0,36,0
0,0,0,0,0,0,2,0,15,0
0,2,-2,0,0,2,13,0,12,0
0,0,0,0,0,0,10,0,19,0
0,0,0,0,0,0,3,0,10,0
0,0,0,0,0,0,4,1,12,0
1,0,1,0,1,0,4,0,21,0
0,0,0,0,0,0,3,0,12,0
1,0,1,0,1,0,14,0,25,0
0,1,-1,0,0,1,2,0,17,0
0,0,0,0,0,0,3,0,16,0
2,0,3,0,2,0,2,0,11,0
0,1,-1,0,0,1,14,0,26,0
0,0,0,0,0,0,5,0,22,0
0,0,0,0,0,0,5,0,22,0
0,1,-1,0,0,1,1,0,3,0
0,0,0,0,0,0,12,0,21,0
0,0,0,0,0,0,1,0,9,0
0,0,0,0,0,0,8,0,21,0
0,0,0,0,0,0,7,0,14,0
0,0,0,0,0,0,15,0,28,0
0,0,0,0,0,0,4,1,24,0
0,0,0,0,0,0,4,0,14,0
1,0,1,0,1,0,5,0,24,0
0,0,0,0,0,0,7,0,23,0
0,0,0,0,0,0,11,0,29,0
0,0,0,0,0,0,1,0,10,0
4,0,6,0,4,0,6,2,12,0
0,0,0,0,0,0,4,0,21,0
2,0,2,0,2,0,6,0,19,0
0,0,0,0,0,0,2,0,14,0
0,0,0,0,0,0,6,0,18,0
0,0,0,0,0,0,10,0,16,0
1,0,1,0,1,0,5,1,13,0
0,0,0,0,0,0,6,0,18,0
0,0,0,0,0,0,0,0,21,0
1,0,2,0,1,0,1,0,13,0
0,0,0,0,0,0,1,0,2,0
0,0,0,0,0,0,11,0,20,0
1,0,1,0,1,0,1,0,19,0
0,1,-1,0,0,1,8,0,20,0
3,0,6,0,3,0,4,2,21,0
0,0,0,0,0,0,14,0,24,0
1,0,2,0,1,0,21,0,30,0
1,2,0,1,1,2,6,0,11,0
1,0,2,0,1,0,3,1,13,0
1,0,2,0,1,0,3,0,6,0
0,1,-1,0,0,1,14,0,26,0
0,0,0,0,0,0,1,0,9,0
0,0,0,0,0,0,10,0,18,0
1,0,1,0,1,0,1,0,22,0
0,0,0,0,0,0,10,1,22,0
0,0,0,0,0,0,6,0,26,0
0,0,0,0,0,0,4,0,12,0
0,1,-1,0,0,1,2,0,15,0
1,0,1,0,1,0,9,1,23,0
0,0,0,0,0,0,10,0,17,0
0,0,0,0,0,0,8,0,14,0
1,0,2,0,1,0,8,0,31,0
2,0,4,0,2,0,4,4,18,0
0,1,-2,0,0,1,13,0,22,0
2,0,3,0,2,0,1,1,11,0
0,0,0,0,0,0,8,0,16,0
0,0,0,0,0,0,1,0,21,0
0,0,0,0,0,0,5,0,23,0
1,0,1,0,1,0,8,2,24,0
0,0,0,0,0,0,10,0,18,0
0,0,0,0,0,0,2,3,16,0
1,0,1,0,1,0,7,0,27,0
0,0,0,0,0,0,1,0,19,0
0,2,-2,0,0,2,12,0,7,0
0,2,-2,0,0,2,2,0,5,0
2,0,3,0,2,0,4,0,16,0
0,0,0,0,0,0,10,0,24,0
0,0,0,0,0,0,14,0,33,0
1,0,1,0,1,0,9,0,17,0
0,1,-1,0,0,1,1,0,13,0
1,0,1,0,1,0,10,0,21,0
0,0,0,0,0,0,1,0,6,0
0,0,0,0,0,0,7,1,13,0
0,0,0,0,0,0,1,0,21,0
0,0,0,0,0,0,9,0,29,0
1,0,1,0,1,0,3,0,24,0
0,1,-2,0,0,1,3,0,11,0
0,0,0,0,0,0,1,0,14,0
0,0,0,0,0,0,14,0,22,0
1,0,1,0,1,0,10,0,25,0
0,0,0,0,0,0,12,1,17,0
0,0,0,0,0,0,1,0,10,0
0,0,0,0,0,0,1,1,10,0
0,0,0,0,0,0,7,0,21,0
1,1,-2,1,1,1,12,0,27,0
0,0,0,0,0,0,0,0,14,0
0,0,0,0,0,0,4,1,6,0
0,2,-2,0,0,2,10,0,17,0
0,0,0,0,0,0,10,0,25,0
0,0,0,0,0,0,14,0,27,0
1,0,1,0,1,0,4,0,14,0
4,0,7,0,4,0,6,0,13,0
1,0,1,0,1,0,5,0,20,0
2,0,4,0,2,0,3,0,20,0
0,0,0,0,0,0,7,0,25,0
1,0,2,0,1,0,6,0,23,0
0,1,-1,0,0,1,3,2,19,0
1,0,2,0,1,0,3,0,19,0
1,0,1,0,1,0,9,0,16,0
0,0,0,0,0,0,7,0,15,0
1,0,2,0,1,0,1,0,11,0
0,0,0,0,0,0,3,0,10,0
2,0,2,0,2,0,7,2,18,0
2,0,2,0,2,0,2,0,10,0
2,0,2,0,2,0,3,2,8,0
1,0,2,0,1,0,8,0,16,0
0,0,0,0,0,0,3,1,14,0
0,0,0,0,0,0,3,0,27,0
0,1,-3,0,0,1,1,0,13,0
0,0,0,0,0,0,13,0,25,0
0,1,-1,0,0,1,13,0,26,0
1,0,3,0,1,0,1,0,17,0
1,0,1,0,1,0,4,0,19,0
1,0,1,0,1,0,1,0,9,0
0,0,0,0,0,0,11,0,22,0
1,0,1,0,1,0,7,0,18,0
0,0,0,0,0,0,2,1,17,0
0,0,0,0,0,0,2,0,19,0
0,1,-1,0,0,1,8,1,17,0
0,0,0,0,0,0,5,0,18,0
2,1,2,1,2,1,3,0,9,0
0,0,0,0,0,0,15,0,27,0
0,0,0,0,0,0,8,0,22,0
2,0,3,0,2,0,1,0,14,0
1,1,1,1,1,1,5,2,22,0
2,1,1,1,2,1,2,0,8,0
0,0,0,0,0,0,6,2,16,0
0,0,0,0,0,0,1,0,21,0
1,0,1,0,1,0,2,1,28,0
0,0,0,0,0,0,2,0,18,0
1,0,2,0,1,0,12,1,29,0
0,0,0,0,0,0,16,0,25,0
1,1,1,1,1,1,5,0,22,0
0,0,0,0,0,0,7,0,17,0
0,0,0,0,0,0,3,0,24,0
1,0,1,0,1,0,6,0,6,0
0,0,0,0,0,0,6,1,23,0
0,0,0,0,0,0,8,0,19,0
1,0,2,0,1,0,2,0,11,0
0,0,0,0,0,0,4,0,12,0
2,0,3,0,2,0,8,0,18,0
0,0,0,0,0,0,14,0,24,0
1,0,2,0,1,0,3,1,16,0
0,0,0,0,0,0,7,0,18,0
1,2,-1,1,1,2,1,2,14,0
0,0,0,0,0,0,10,0,22,0
0,0,0,0,0,0,15,2,37,0
0,0,0,0,0,0,7,0,17,0
0,2,-2,0,0,2,13,0,8,0
0,0,0,0,0,0,7,0,19,0
0,0,0,0,0,0,4,0,14,0
0,0,0,0,0,0,1,0,9,0
1,0,1,0,1,0,5,1,10,0
1,0,1,0,1,0,14,0,22,0
0,0,0,0,0,0,13,1,22,0
0,0,0,0,0,0,3,0,11,0
0,0,0,0,0,0,5,0,22,0
4,0,6,0,4,0,6,0,13,0
0,0,0,0,0,0,0,1,12,0
0,0,0,0,0,0,13,0,32,0
1,0,1,0,1,0,10,0,20,0
0,0,0,0,0,0,3,0,11,0
0,0,0,0,0,0,2,1,25,0
0,0,0,0,0,0,3,0,21,0
0,2,-2,0,0,2,13,1,8,0
0,0,0,0,0,0,17,0,39,0
0,0,0,0,0,0,1,1,11,0
0,1,-1,0,0,1,9,0,16,0
0,0,0,0,0,0,8,0,19,0
0,0,0,0,0,0,11,0,32,0
0,0,0,0,0,0,3,0,19,0
0,0,0,0,0,0,7,0,19,0
0,0,0,0,0,0,4,0,13,0
1,0,2,0,1,0,9,0,18,0
0,0,0,0,0,0,11,0,26,0
0,0,0,0,0,0,21,0,37,0
0,0,0,0,0,0,14,0,23,0
0,0,0,0,0,0,7,0,19,0
2,0,2,0,2,0,6,0,18,0
0,0,0,0,0,0,1,0,6,0
0,0,0,0,0,0,10,1,19,0
0,0,0,0,0,0,9,0,18,0
0,0,0,0,0,0,3,0,20,0
1,0,1,0,1,0,3,0,17,0
0,1,-2,0,0,1,8,1,17,0
1,0,1,0,1,0,2,0,20,0
0,0,0,0,0,0,8,0,17,0
0,0,0,0,0,0,11,0,20,0
1,0,1,0,1,0,2,1,13,0
1,0,1,0,1,0,16,0,29,0
0,1,-1,0,0,1,2,0,17,0
0,0,0,0,0,0,10,0,23,0
0,0,0,0,0,0,9,0,22,0
0,0,0,0,0,0,12,0,21,0
0,0,0,0,0,0,10,0,18,0
0,1,-1,0,0,1,29,0,45,0
0,0,0,0,0,0,2,0,11,0
0,0,0,0,0,0,8,0,27,0
1,0,1,0,1,0,3,1,11,0
0,0,0,0,0,0,8,0,21,0
0,0,0,0,0,0,0,1,22,0
2,2,-3,1,2,2,6,0,13,0
0,0,0,0,0,0,2,2,11,0
0,0,0,0,0,0,1,0,17,0
0,2,-2,0,0,2,13,0,8,0
0,0,0,0,0,0,4,0,14,0
0,0,0,0,0,0,0,0,19,0
0,1,-1,0,0,1,2,0,12,0
0,0,0,0,0,0,14,0,21,0
0,0,0,0,0,0,12,0,22,0
4,0,6,0,4,0,6,0,13,0
0,1,-1,0,0,1,9,0,18,0
1,1,0,1,1,1,6,1,30,0
0,0,0,0,0,0,6,0,15,0
0,0,0,0,0,0,12,1,27,0
0,0,0,0,0,0,8,0,17,0
1,0,1,0,1,0,8,1,19,0
0,1,-1,0,0,1,6,0,14,0
0,0,0,0,0,0,30,0,35,0
0,0,0,0,0,0,8,0,20,0
1,0,1,0,1,0,10,0,23,0
0,2,-2,0,0,2,12,0,11,0
1,0,1,0,1,0,3,1,12,0
0,0,0,0,0,0,5,0,22,0
0,2,-2,0,0,2,5,0,6,0
0,0,0,0,0,0,8,0,18,0
0,0,0,0,0,0,15,1,24,0
0,2,-2,0,0,2,2,0,14,0
0,1,-2,0,0,1,6,2,20,0
0,0,0,0,0,0,11,0,27,0
0,0,0,0,0,0,10,1,22,0
0,0,0,0,0,0,7,0,23,0
0,0,0,0,0,0,13,0,24,0
0,0,0,0,0,0,5,0,15,0
3,0,5,0,3,0,2,0,13,0
1,0,1,0,1,0,4,0,16,0
0,0,0,0,0,0,16,0,38,0
0,1,-1,0,0,1,3,0,12,0
2,0,4,0,2,0,14,1,22,0
1,0,1,0,1,0,6,0,19,0
0,0,0,0,0,0,10,1,24,0
0,0,0,0,0,0,4,0,19,0
0,0,0,0,0,0,11,1,24,0
3,0,3,0,3,0,8,0,27,0
0,1,-1,0,0,1,2,0,18,0
0,0,0,0,0,0,6,0,18,0
0,0,0,0,0,0,1,0,10,0
0,1,-2,0,0,1,4,0,11,0
1,0,2,0,1,0,5,2,23,0
0,0,0,0,0,0,1,0,15,0
0,0,0,0,0,0,10,0,20,0
1,0,2,0,1,0,5,0,17,0
0,2,-2,0,0,2,16,2,12,0
0,0,0,0,0,0,12,0,28,0
0,0,0,0,0,0,9,0,19,0
0,0,0,0,0,0,1,0,11,0
0,1,-1,0,0,1,4,1,13,0
1,0,1,0,1,0,7,0,28,0
0,0,0,0,0,0,8,0,14,0
0,0,0,0,0,0,1,0,11,0
0,1,-1,0,0,1,3,0,15,0
1,0,2,0,1,0,8,0,19,0
0,4,-7,0,0,4,25,2,29,0
0,0,0,0,0,0,2,0,3,0
0,0,0,0,0,0,3,0,21,0
0,1,-1,0,0,1,1,0,5,0
0,0,0,0,0,0,7,0,18,0
0,0,0,0,0,0,6,0,29,0
1,0,1,0,1,0,11,0,20,0
0,1,-1,0,0,1,3,0,12,0
0,0,0,0,0,0,9,0,19,0
0,1,-2,0,0,1,6,0,23,0
0,0,0,0,0,0,5,1,19,0
2,0,3,0,2,0,4,0,14,0
2,0,3,0,2,0,6,0,17,0
0,0,0,0,0,0,2,0,3,0
2,0,3,0,2,0,9,1,8,0
2,0,3,0,2,0,8,0,13,0
1,0,3,0,1,0,3,0,12,0
2,0,3,0,2,0,7,0,17,0
1,0,1,0,1,0,2,2,21,0
0,0,0,0,0,0,3,0,18,0
1,0,1,0,1,0,0,1,28,0
1,0,2,0,1,0,5,0,5,0
0,1,-2,0,0,1,1,0,12,0
0,0,0,0,0,0,2,0,22,0
1,1,0,1,1,1,5,2,13,0
0,0,0,0,0,0,7,0,21,0
1,0,1,0,1,0,5,1,21,0
0,0,0,0,0,0,7,0,16,0
0,0,0,0,0,0,6,1,13,0
0,1,-1,0,0,1,5,0,17,0
0,0,0,0,0,0,8,2,14,0
1,0,2,0,1,0,8,0,27,0
0,0,0,0,0,0,13,1,22,0
2,0,3,0,2,0,3,0,4,0
0,0,0,0,0,0,2,1,6,0
0,0,0,0,0,0,8,0,20,0
0,0,0,0,0,0,7,0,24,0
0,0,0,0,0,0,8,0,17,0
0,2,-2,0,0,2,6,1,16,0
0,3,-4,0,0,3,15,0,27,0
1,0,1,0,1,0,7,0,23,0
0,0,0,0,0,0,10,0,15,0
1,0,2,0,1,0,6,0,14,0
0,0,0,0,0,0,27,0,35,0
0,0,0,0,0,0,7,0,23,0
1,0,2,0,1,0,5,0,19,0
1,0,1,0,1,0,2,0,18,0
0,0,0,0,0,0,1,0,15,0
0,0,0,0,0,0,0,0,16,0
0,2,-4,0,0,2,7,0,25,0
1,0,2,0,1,0,9,0,18,0
0,0,0,0,0,0,5,0,14,0
1,0,1,0,1,0,2,0,12,0
0,0,0,0,0,0,4,0,12,0
0,0,0,0,0,0,7,1,25,0
2,0,3,0,2,0,5,0,24,0
0,0,0,0,0,0,7,1,23,0
0,0,0,0,0,0,7,0,23,0
0,0,0,0,0,0,13,1,22,0
3,0,6,0,3,0,4,0,17,0
0,0,0,0,0,0,10,0,20,0
0,0,0,0,0,0,1,0,11,0
0,0,0,0,0,0,8,0,18,0
4,0,6,0,4,0,3,0,4,0
0,1,-1,0,0,1,1,0,20,0
0,0,0,0,0,0,4,0,23,0
0,0,0,0,0,0,9,5,26,0
0,0,0,0,0,0,3,0,16,0
2,0,5,0,2,0,12,0,24,0
0,1,-2,0,0,1,0,0,10,0
0,0,0,0,0,0,3,0,14,0
2,0,2,0,2,0,5,0,19,0
2,0,3,0,2,0,14,0,26,0
0,2,-2,0,0,2,1,0,6,0
0,0,0,0,0,0,11,0,17,0
2,0,3,0,2,0,2,0,17,0
0,0,0,0,0,0,3,0,22,0
0,0,0,0,0,0,4,0,16,0
0,0,0,0,0,0,8,0,19,0
0,0,0,0,0,0,13,0,21,0
1,0,2,0,1,0,56,0,74,0
2,0,3,0,2,0,9,0,18,0
0,0,0,0,0,0,3,0,33,0
1,0,1,0,1,0,8,0,18,0
1,0,2,0,1,0,1,2,13,0
0,0,0,0,0,0,8,0,17,0
0,0,0,0,0,0,17,1,37,0
0,0,0,0,0,0,2,0,14,0
0,1,-1,0,0,1,4,0,12,0
0,0,0,0,0,0,3,0,11,0
0,0,0,0,0,0,11,0,26,0
0,1,-1,0,0,1,3,0,4,0
0,0,0,0,0,0,6,1,14,0
0,0,0,0,0,0,9,0,26,0
0,0,0,0,0,0,7,0,15,0
1,0,2,0,1,0,2,0,10,0
0,0,0,0,0,0,4,0,12,0
0,0,0,0,0,0,11,0,28,0
0,0,0,0,0,0,2,0,14,0
1,0,2,0,1,0,56,0,78,0
0,1,-1,0,0,1,2,0,11,0
2,0,3,0,2,0,0,0,9,0
0,1,-1,0,0,1,6,1,12,0
0,0,0,0,0,0,8,0,19,0
0,0,0,0,0,0,7,1,23,0
0,0,0,0,0,0,3,0,21,0
2,0,3,0,2,0,1,0,15,0
0,0,0,0,0,0,2,0,12,0
0,1,-1,0,0,1,0,2,10,0
0,0,0,0,0,0,14,0,18,0
2,0,3,0,2,0,0,0,12,0
0,1,-1,0,0,1,13,0,20,0
1,1,0,1,1,1,5,0,6,0
0,0,0,0,0,0,22,0,32,0
0,0,0,0,0,0,4,0,26,0
0,0,0,0,0,0,2,0,16,0
0,0,0,0,0,0,6,1,14,0
0,0,0,0,0,0,11,0,16,0
0,0,0,0,0,0,6,0,22,0
0,2,-2,0,0,2,13,0,8,0
1,0,1,0,1,0,1,0,10,0
1,0,1,0,1,0,2,0,11,0
1,0,1,0,1,0,0,0,17,0
1,0,1,0,1,0,14,0,25,0
0,0,0,0,0,0,10,0,29,0
0,1,-1,0,0,1,5,0,18,0
0,0,0,0,0,0,15,0,23,0
0,0,0,0,0,0,4,0,19,0
0,1,-1,0,0,1,5,1,25,0
0,0,0,0,0,0,0,0,22,0
2,0,3,0,2,0,3,2,13,0
0,0,0,0,0,0,8,0,20,0
0,0,0,0,0,0,4,2,11,0
1,0,1,0,1,0,6,0,19,0
0,0,0,0,0,0,3,0,23,0
1,0,2,0,1,0,6,0,19,0
0,0,0,0,0,0,10,0,18,0
0,0,0,0,0,0,5,0,22,0
1,0,2,0,1,0,8,1,19,0
0,0,0,0,0,0,1,0,10,0
0,0,0,0,0,0,8,0,14,0
0,0,0,0,0,0,9,0,29,0
0,0,0,0,0,0,5,0,18,0
0,0,0,0,0,0,2,0,14,0
2,0,3,0,2,0,8,0,19,0
0,2,-2,0,0,2,2,0,11,0
0,0,0,0,0,0,10,0,16,0
0,1,-2,0,0,1,7,0,15,0
0,0,0,0,0,0,9,1,29,0
0,2,-2,0,0,2,12,0,11,0
0,0,0,0,0,0,8,2,15,0
0,1,-1,0,0,1,7,0,15,0
1,0,2,0,1,0,1,0,22,0
0,0,0,0,0,0,2,0,18,0
1,0,2,0,1,0,6,1,14,0
1,0,2,0,1,0,1,0,18,0
0,1,-1,0,0,1,11,3,24,0
1,0,1,0,1,0,4,0,28,0
0,0,0,0,0,0,1,0,26,0
0,0,0,0,0,0,6,0,29,0
2,0,2,0,2,0,3,0,12,0
0,1,-1,0,0,1,3,0,16,0
0,0,0,0,0,0,6,2,28,0
1,1,1,1,1,1,5,0,26,0
0,0,0,0,0,0,3,0,16,0
0,0,0,0,0,0,12,0,20,0
0,0,0,0,0,0,11,0,20,0
0,0,0,0,0,0,1,0,17,0
0,0,0,0,0,0,1,1,14,0
1,0,2,0,1,0,1,0,20,0
1,0,1,0,1,0,3,0,24,0
0,3,-3,0,0,3,2,0,17,0
0,0,0,0,0,0,3,0,10,0
0,0,0,0,0,0,9,0,15,0
0,1,-1,0,0,1,9,0,22,0
1,0,1,0,1,0,7,0,27,0
0,0,0,0,0,0,15,1,25,0
0,0,0,0,0,0,4,0,24,0
0,1,-1,0,0,1,1,0,10,0
0,0,0,0,0,0,3,0,21,0
1,1,-1,1,1,1,2,0,16,0
1,1,0,1,1,1,8,0,21,0
0,0,0,0,0,0,16,0,25,0
0,0,0,0,0,0,21,0,41,0
4,0,6,0,4,0,6,0,13,0
0,0,0,0,0,0,3,0,19,0
2,0,2,0,2,0,6,1,25,0
0,0,0,0,0,0,11,0,19,0
0,0,0,0,0,0,9,1,26,0
0,0,0,0,0,0,9,0,19,0
0,0,0,0,0,0,1,0,13,0
0,0,0,0,0,0,20,0,31,0
1,0,1,0,1,0,8,0,17,0
0,0,0,0,0,0,4,0,14,0
2,0,3,0,2,0,6,0,16,0
0,0,0,0,0,0,14,0,25,0
1,0,2,0,1,0,12,2,25,0
0,2,-2,0,0,2,2,0,3,0
0,0,0,0,0,0,10,0,26,0
0,0,0,0,0,0,1,0,13,0
1,0,1,0,1,0,3,1,7,0
0,0,0,0,0,0,17,0,36,0
1,1,0,1,1,1,1,2,10,0
1,0,1,0,1,0,2,0,9,0
0,0,0,0,0,0,15,0,30,0
0,0,0,0,0,0,3,0,9,0
0,0,0,0,0,0,4,1,16,0
